disease,symptom
porfiria acuta intermittente,tachicardia
porfiria acuta intermittente,dolore addominale
porfiria acuta intermittente,perdita forza muscolare
porfiria acuta intermittente,perdita sensibilità al dolore
porfiria acuta intermittente,formicolio
porfiria acuta intermittente,pressione alta
porfiria cutanea tarda,aumento della pelosità
porfiria cutanea tarda,vesciche
fibrillazione atriale,palpitazioni
fibrillazione atriale,battito accelerato
fibrillazione atriale,polso irregolare
fibrillazione atriale,vertigini
fibrillazione atriale,paura
fibrillazione atriale,mal di stomaco
fibrillazione atriale,difficoltà nel respirare
fibrillazione atriale,paura
fibrillazione atriale,urine frequenti
fibrillazione atriale,palpitazioni
fibrillazione atriale,vertigini
fibrillazione atriale,perdita di coscienza
insufficienza cardiaca sinistra,difficoltà nel respirare
insufficienza cardiaca sinistra,difficoltà nel respirare
insufficienza cardiaca sinistra,difficoltà nel respirare  e dormire da distesi
insufficienza cardiaca sinistra,aumento della frequenza respiratoria
insufficienza cardiaca sinistra,tosse notturna
insufficienza cardiaca sinistra,reflusso
insufficienza cardiaca sinistra,cianosi - colorito bluastro-violaceo di pelle
insufficienza cardiaca sinistra,liquido nei polmoni
insufficienza cardiaca sinistra,liquido nella cavità pleurica
insufficienza cardiaca sinistra,liquido nei polmoni
insufficienza cardiaca sinistra,riduzione del flusso ematico al cervello
insufficienza cardiaca sinistra,sonnolenza anche diurna
insufficienza cardiaca sinistra,confusione
insufficienza cardiaca sinistra,debolezza
insufficienza cardiaca sinistra,stanchezza - fatica
insufficienza cardiaca destra,gonfiore alle gambe
insufficienza cardiaca destra,fegato ingrossato
insufficienza cardiaca destra,ittero - pelle giallastra
insufficienza cardiaca destra,accumulo di liquido nell'addome
insufficienza cardiaca destra,nausea
insufficienza cardiaca destra,perdita di appetito
insufficienza cardiaca destra,cianosi - colorito bluastro-violaceo di pelle
insufficienza cardiaca destra,edema - accumulo di liquido
insufficienza cardiaca destra,accumulo di liquido nell'addome
insufficienza cardiaca destra,nausea e sazietà
insufficienza cardiaca destra,liquido nella cavità pleurica
insufficienza cardiaca destra,urine frequenti
insufficienza cardiaca,difficoltà nel respirare  e dormire da distesi
insufficienza cardiaca,reflusso
insufficienza cardiaca,tosse notturna
insufficienza cardiaca,liquido nei polmoni
insufficienza cardiaca,cianosi - colorito bluastro-violaceo di pelle
insufficienza cardiaca,stanchezza - fatica
insufficienza cardiaca,debolezza
insufficienza cardiaca,edema - accumulo di liquido
insufficienza cardiaca,anemia - pallore
insufficienza cardiaca,perdita di appetito
insufficienza cardiaca,pancia gonfia
insufficienza cardiaca,perdita di peso
insufficienza cardiaca,urine schiumose
insufficienza cardiaca,urine frequenti
insufficienza cardiaca,tachicardia
insufficienza cardiaca,fiato corto alterazione battiti del cuore
insufficienza cardiaca,liquido nella cavità pleurica
cardiomiopatia ipertrofica,stanchezza - fatica
cardiomiopatia ipertrofica,palpitazioni
cardiomiopatia ipertrofica,vertigini
cardiomiopatia ipertrofica,difficoltà nel respirare
cardiomiopatia ipertrofica,dolore al torace mancanza di ossigeno
cardiomiopatia restrittiva,insufficienza cardiaca
cardiomiopatia restrittiva,difficoltà nel respirare
cardiomiopatia restrittiva,tachicardia
cardiomiopatia restrittiva,edema - accumulo di liquido
cardiomiopatia restrittiva,fegato ingrossato
cardiomiopatia dilatativa,palpitazioni
dilatative cardiomiopatia dilatativa,difficoltà nel respirare
dilatative cardiomiopatia dilatativa,congestione polmonare
dilatative cardiomiopatia dilatativa,liquido nei polmoni
dilatative cardiomiopatia dilatativa,difficoltà nel respirare
dilatative cardiomiopatia dilatativa,dita bluastre
dilatative cardiomiopatia dilatativa,affaticamento e vertigini
emoglobinuria parossistica notturna,urine marroni
emoglobinuria parossistica notturna,mal di testa
emoglobinuria parossistica notturna,pressione alta
emoglobinuria parossistica notturna,anemia - pallore
emoglobinuria parossistica notturna,emorragia
emoglobinuria parossistica notturna,anemia - pallore
emoglobinuria parossistica notturna,sangue nelle urine
emoglobinuria parossistica notturna,arrossamento dolore e gonfiore alle gambe
emoglobinuria parossistica notturna,difficoltà nel respirare
emoglobinuria parossistica notturna,anemia - pallore
emoglobinuria parossistica notturna,dolore al petto
emoglobinuria parossistica notturna,nausea
emoglobinuria parossistica notturna,difficoltà nel deglutire
emoglobinuria parossistica notturna,disfunzione erettile
emoglobinuria parossistica notturna,mal di schiena
emoglobinuria parossistica notturna,mal di testa
emoglobinuria parossistica notturna,dolore muscolare
anemia falciforme,anemia - pallore
anemia falciforme,difficoltà nel respirare
anemia falciforme,tachicardia
anemia falciforme,ittero - pelle giallastra
anemia falciforme,nausea e sazietà
anemia falciforme,Ittero feci chiare urine scure (bilirubina)
anemia falciforme,calcoli biliari
sindrome mielodisplastica,anemia - pallore
sindrome mielodisplastica,debolezza
sindrome mielodisplastica,affaticamento
sindrome mielodisplastica,lividi a chiazze
sindrome mielodisplastica,malessere generale febbre stanchezza nausea e vomito
sindrome mielodisplastica,numerosi puntini rossi sulla pelle
sindrome mielodisplastica,fegato ingrossato
sarcoidosi,febbre
sarcoidosi,stanchezza - fatica
sarcoidosi,perdita di appetito
sarcoidosi,perdita di peso
sarcoidosi,difficoltà nel respirare
sarcoidosi,tosse
sarcoidosi,dolori articolari
sindrome di loefgren,febbre
sindrome di loefgren,dolori articolari
sindrome di loefgren,arrossamento cutaneo prurito
sindrome di loefgren,ingrossamento dei linfonodi
sindrome di heerfordt,febbre
sindrome di heerfordt,infiammazione delle ghiandole salivari
sindrome di heerfordt,riduzione della vista
sindrome di heerfordt,lacrimazione e dolore all'occhio
sindrome di heerfordt,paralisi facciale
sarcoidosi acuta,tosse secca
sarcoidosi acuta,difficoltà nel respirare
sarcoidosi acuta,lacrimazione e dolore all'occhio
sarcoidosi acuta,arrossamento cutaneo prurito
sarcoidosi acuta,ingrossamento dei linfonodi
sarcoidosi acuta,convulsioni febbre alta
sarcoidosi acuta,disturbi alla vista
sarcoidosi acuta,riduzione della vista
sarcoidosi acuta,difficoltà di concentrazione
sarcoidosi acuta,insufficienza cardiaca
sarcoidosi acuta,dolore al petto
sarcoidosi acuta,valori alti calcio
sarcoidosi acuta,dolori muscolari e articolari
sindrome antifosfolipidica,aborto spontaneo
sindrome antifosfolipidica,lividi a chiazze
sindrome antifosfolipidica,perdita della vista di un solo occhio
microangiopatia trombotica,stanchezza - fatica
microangiopatia trombotica,febbre
microangiopatia trombotica,numerosi puntini rossi sulla pelle
microangiopatia trombotica,insufficienza renale
microangiopatia trombotica,diminuzione delle urine
microangiopatia trombotica,pressione alta
microangiopatia trombotica,anemia - pallore
microangiopatia trombotica,febbre
microangiopatia trombotica,confusione
microangiopatia trombotica,convulsioni
microangiopatia trombotica,numerosi puntini rossi sulla pelle
microangiopatia trombotica,anemia - pallore
ipersplenismo,anemia - pallore
ipersplenismo,lividi a chiazze
ipersplenismo,affaticamento
ipersplenismo,malessere generale febbre stanchezza nausea e vomito
ipersplenismo,numerosi puntini rossi sulla pelle
liquido nella cavità pleurica,difficoltà nel respirare
liquido nei polmoni,difficoltà nel respirare
liquido nei polmoni,tosse
liquido nei polmoni,tachicardia
liquido nei polmoni,cianosi - colorito bluastro-violaceo di pelle
liquido nei polmoni,agitazione
pneumotorace,difficoltà nel respirare
pneumotorace,tosse
pneumotorace,dolore al petto
asma cronico,aumento della frequenza respiratoria
asma cronico,tosse secca
asma cronico,tosse cronica
asma cronico,vampate di calore
asma cronico,tachicardia
asma cronico,difficoltà nel respirare
asma cronico,tachicardia
asma cronico,blocco della gamba destra
broncopneumopatia cronica ostruttiva,tosse cronica
broncopneumopatia cronica ostruttiva,difficoltà nel respirare
broncopneumopatia cronica ostruttiva,aumento della frequenza respiratoria
polmonite,febbre
polmonite,difficoltà nel respirare
polmonite,rumori respiratori
enfisema polmonare,riduzione della massa muscolare
enfisema polmonare,ostruzioni (feci e gas)
enfisema polmonare,affaticamento
enfisema polmonare,difficoltà nel respirare
enfisema polmonare,cianosi - colorito bluastro-violaceo di pelle
fibrosi polmonare,difficoltà nel respirare
fibrosi polmonare,ingrossamento dell'ultima falange
fibrosi polmonare,aumento della frequenza respiratoria
fibrosi polmonare,febbre
fibrosi polmonare,tosse secca
embolia polmonare,difficoltà nel respirare
embolia polmonare,tachicardia
embolia polmonare,difficoltà nel respirare
embolia polmonare,dolore al petto
embolia polmonare,paura
embolia polmonare,difficoltà nel respirare
embolia polmonare,perdita di coscienza
embolia polmonare,aumento della frequenza respiratoria
embolia polmonare,tachicardia
embolia polmonare,cianosi - colorito bluastro-violaceo di pelle
embolia polmonare,tosse
embolia polmonare,vertigini
embolia polmonare,aumento della frequenza respiratoria
embolia polmonare,dolore al petto
embolia polmonare,tosse
embolia polmonare,febbre
embolia polmonare,tachicardia
embolia polmonare,vertigini capogiri e confusione
bronchite acuta,starnuti
bronchite acuta,laringite
bronchite acuta,faringite
bronchite acuta,febbre
bronchite acuta,stanchezza - fatica
bronchite acuta,mal di testa
bronchite acuta,tosse
bronchite acuta,dolori muscolari e articolari
bronchiolite,febbre
bronchiolite,aumento della frequenza respiratoria
bronchiolite,cianosi - colorito bluastro-violaceo di pelle
bronchiolite,tosse
febbre di pontiac,incapacità di percepire gli odori
febbre di pontiac,tosse
febbre di pontiac,mal di gola
febbre di pontiac,febbre
febbre di pontiac,confusione
febbre di pontiac,vertigini
febbre di pontiac,paura della luce
febbre di pontiac,dolore muscolare
febbre di pontiac,mal di testa
polmonite legionella,brividi
polmonite legionella,febbre
polmonite legionella,starnuti
polmonite legionella,laringite
polmonite legionella,mal di testa
polmonite legionella,confusione
polmonite legionella,torpore
polmonite legionella,diarrea
polmonite legionella,tosse secca
polmonite atipica,mal di testa
polmonite atipica,febbre
polmonite atipica,vampate di calore
polmonite atipica,tosse secca
polmonite da pneumocisti,tosse secca
polmonite da pneumocisti,difficoltà nel respirare
tubercolosi,perdita di peso
tubercolosi,sudore notturno
tubercolosi,stanchezza - fatica
tubercolosi,difficoltà nel respirare
tubercolosi urogenitale,difficoltà nell'urinare
tubercolosi urogenitale,sangue nelle urine
tubercolosi urogenitale,prostatite
tubercolosi urogenitale,assenza del ciclo
tubercolosi urogenitale,perdita di sangue uterino
tubercolosi urogenitale,mestruazioni particolarmente abbondanti
micobatteriosi atipica,sudore notturno
micobatteriosi atipica,perdita di peso
micobatteriosi atipica,diarrea
mixedema,pelle secca
mixedema,raucedine
mixedema,difficoltà nel parlare
mixedema,sensazione di svenimento
mixedema,fiato corto alterazione battiti del cuore
alveolite esogena - allergica,febbre
alveolite esogena - allergica,tosse secca
alveolite esogena - allergica,dolore alle braccia
alveolite esogena - allergica,affaticamento
alveolite esogena - allergica,stanchezza - fatica
alveolite esogena - allergica,tosse
alveolite esogena - allergica,difficoltà nel respirare
alveolite esogena - allergica,cianosi - colorito bluastro-violaceo di pelle
alveolite esogena - allergica,perdita di peso
alveolite esogena - allergica,dolori muscolari e articolari
pertosse,incapacità di percepire gli odori
pertosse,febbre
pertosse,aumento del numero di linfociti
pertosse,tosse secca
pertosse,vomito
gastrinoma,diarrea
gastrinoma,reflusso
gastrinoma,dolore addominale
gastrinoma,iperacidità di stomaco
gastrinoma,dolore allo stomaco
gastrinoma,diarrea
gastrinoma,feci untuose
gastrite cronica,nausea
gastrite cronica,nausea e sazietà
malattia di Whipple,dolore addominale
malattia di Whipple,diarrea
malattia di Whipple,feci untuose
malattia di Whipple,dolori articolari
malattia di Whipple,dolore ai glutei
malattia di Whipple,febbre
malattia di Whipple,dolori muscolari e articolari
malattia di Whipple,ingrossamento dei linfonodi
malattia di Whipple,incapacità nella coordinazione dell'equilibrio
malattia di Whipple,atrite
malattia di Whipple,pancia gonfia
malattia di Whipple,perdita di peso
malattia di Whipple,difficoltà nel respirare
malattia di Whipple,tosse cronica
malattia di Whipple,dolore al torace mancanza di ossigeno
malattia di Whipple,anemia - pallore
malattia di Whipple,mal di testa
malattia di Whipple,affaticamento
malattia di Whipple,parkinsonismo
malattia di Whipple,difficoltà nel parlare
malattia di Whipple,ronzio nelle orecchie
malattia di Whipple,sporgenza degli occhi
carenza di zinco,diarrea
carenza di zinco,perdita dei capelli
carenza di magnesio,accentuazione dei riflessi
carenza di magnesio,perdita della sensibilità
carenza di magnesio,crampi
carenza di magnesio,tachicardia
carenza di magnesio,sensazione di un battito mancante o doppio
carenza di potassio,sensazione di un battito mancante o doppio
carenza di potassio,debolezza
carenza di potassio,costipazione
carenza di potassio,urine frequenti
carenza di potassio,aumento dell'appetito
carenza di vitamina a,cecità notturna
carenza di vitamina a,pelle secca
carenza di vitamina a,mucosa secca
morbo celiaco,diarrea
morbo celiaco,feci untuose
morbo celiaco,flatulenza
morbo celiaco,costipazione
morbo celiaco,perdita di appetito
morbo celiaco,perdita di peso
morbo celiaco,suscettibilità alle infezioni
morbo celiaco,edema - accumulo di liquido
morbo celiaco,stomatite
morbo celiaco,atrofia muscolare
morbo celiaco,carenza di vitamina b12
morbo celiaco,carenza di acido folico
morbo celiaco,anemia - pallore
morbo celiaco,carenza di vitamina k
morbo celiaco,ecchimosi
morbo celiaco,lividi a chiazze
morbo celiaco,dolore anale
morbo celiaco,formicolio attorno alla bocca
morbo celiaco,crampi
morbo celiaco,dolore alle ossa
morbo celiaco,osteoporosi
morbo celiaco,nausea
morbo celiaco,epatite cronica
morbo celiaco,dolori articolari
morbo celiaco,dolore intestinale
morbo celiaco,feci chiare
morbo celiaco,eritemi
morbo celiaco,epatite
morbo celiaco,atrite
morbo celiaco,carenza di vitamine
morbo celiaco,anemia - pallore
morbo celiaco,bruciore alla lingua
allergia al grano,prurito
allergia al grano,orticaria
allergia al grano,arrossamento cutaneo prurito
allergia al grano,vampate di calore
allergia al grano,diarrea
allergia al grano,nausea
allergia al grano,vomito
allergia al grano,convulsioni
allergia al grano,flatulenza
acrodermatite enteropatica,diarrea
malattia di menetrier,diarrea
malattia di menetrier,edema - accumulo di liquido
leucopenia,stomatite
leucopenia,gonfiore delle gengive
leucopenia,sinusite
leucopenia,dolore all'orecchio
leucopenia,faringite
leucopenia,polmonite
leucopenia,foruncoli
leucopenia,ingrossamento dei linfonodi
leucopenia,febbre
morbo di cushing,ematoma
morbo di cushing,dolore al petto
morbo di cushing,osteoporosi
morbo di cushing,perdita forza muscolare
morbo di cushing,virilismo
morbo di cushing,affaticamento
morbo di cushing,viso arrossato
morbo di cushing,aumento di peso
morbo di cushing,pressione alta
morbo di cushing,disfunzione erettile
morbo di cushing,debolezza nelle braccia
morbo di cushing,aumento dei peli
morbo di cushing,depressione
Iperkaliemia (alti livelli di potassio nel sangue),debolezza nelle braccia
Iperkaliemia (alti livelli di potassio nel sangue),perdita della sensibilità
cardiopatia coronarica,dolore al torace mancanza di ossigeno
cardiopatia coronarica,paura
osteoporosi,scoliosi
osteoporosi,fratture
osteoporosi,mal di schiena
occlusione intestinale,vomito
occlusione intestinale,pancia gonfia
occlusione intestinale,dolore addominale
cirrosi epatica,affaticamento
cirrosi epatica,stanchezza - fatica
cirrosi epatica,sensazione di pressione
cirrosi epatica,pancia gonfia
cirrosi epatica,nausea
cirrosi epatica,perdita di peso
cirrosi epatica,perdita di libido
cirrosi epatica,impotenza
cirrosi epatica,atrofia testicolare
cirrosi epatica,ginecomastia
cirrosi epatica,assenza del ciclo
cirrosi epatica,nausea e sazietà
cirrosi epatica,accumulo di liquido nell'addome
cirrosi epatica,alito cattivo
sindrome di guillain-barre,difficoltà a gestire la temperatura
sindrome di guillain-barre,frequenza cardiaca anormale
sindrome di horner,restringimento della pupilla
sindrome di horner,abbassamento delle palpebre
sindrome di horner,rientro del bulbo oculare
emicrania oculare,disturbi alla vista
emicrania oculare,vertigini
emicrania oculare,dolore agli occhi
morbo di crohn,dolore ai glutei
morbo di crohn,lacrimazione e dolore all'occhio
morbo di crohn,diminuzione della vista
morbo di crohn,calcoli urinari
morbo di crohn,anoressia
morbo di crohn,febbre
morbo di crohn,nausea
morbo di crohn,vomito
morbo di crohn,perdita di peso
morbo di crohn,affaticamento
morbo di crohn,flatulenza
morbo di crohn,diarrea
morbo di crohn,atrite
morbo di crohn,foruncoli
morbo di crohn,diminuzione delle urine
morbo di crohn,fegato ingrossato
morbo di crohn,fistole intestinali
morbo di crohn,dolore anale
morbo di crohn,anemia - pallore
morbo di crohn,carenza di zinco
morbo di crohn,dolori articolari
morbo di crohn,riduzione della vista
morbo di crohn,arrossamento cutaneo prurito
morbo di crohn,ulcere cutenee
morbo di crohn,stomatite
mieloma multiplo,fratture
mieloma multiplo,suscettibilità alle infezioni
mieloma multiplo,perdita del tessuto osseo
mieloma multiplo,osteoporosi
mieloma multiplo,insufficienza renale
mieloma multiplo,spasmi e crampi
mieloma multiplo,affaticamento
mieloma multiplo,difficoltà nel respirare
mieloma multiplo,numerosi puntini rossi sulla pelle
mieloma multiplo,malessere generale febbre stanchezza nausea e vomito
mieloma multiplo,stitichezza
mieloma multiplo,urine schiumose
mieloma multiplo,dolore alle ossa
mieloma multiplo,anemia - pallore
cancro del colon-retto,perdita di peso
cancro del colon-retto,febbre
cancro del colon-retto,anemia sanguinante
cancro del colon-retto,stanchezza - fatica
cancro del colon-retto,affaticamento
cancro del colon-retto,sangue nelle feci
cancro del colon-retto,gonfiore addominale
cancro del colon-retto,perdita di peso
cancro del colon-retto,stanchezza - fatica
cancro del colon-retto,lividi a chiazze
cancro del colon-retto,anemia - pallore
miastenia grave,dolore al petto
miastenia grave,debolezza
miastenia grave,scoliosi
miastenia grave,abbassamento delle palpebre
miastenia grave,diplopie
miastenia grave,difficoltà nel deglutire
miastenia grave,difficoltà nel muovere le labbra
miastenia grave,difficoltà nel respirare
miastenia grave,paralisi facciale
artrite reumatoide,unghie fragili
artrite reumatoide,eritema palmare
artrite reumatoide,dolori articolari
artrite reumatoide,atrofia muscolare
artrite reumatoide,stanchezza - fatica
artrite reumatoide,sudore notturno
anemia,affaticamento
anemia,mal di testa
anemia,difficoltà nel respirare
anemia,tachicardia
anemia,vertigini
sincope,perdita di coscienza
sincope,vertigini
sincope,lividi a chiazze
sclerosi multipla,diminuzione della vista
sclerosi multipla,formicolio
sclerosi multipla,disturbi della sensibilità della pelle
sclerosi multipla,incapacità nella coordinazione dell'equilibrio
sclerosi multipla,dolore agli occhi
sclerosi multipla,disturbi alla vista
sclerosi multipla,paralisi facciale
sclerosi multipla,sensibilità alla luce
sclerosi multipla,depressione
sclerosi multipla,difficoltà nel movimento
sclerosi multipla,tremore
sclerosi multipla,dolore al volto
sclerosi multipla,disfunzione erettile
sclerosi multipla,euforia
sclerosi multipla,visione doppia
sclerosi multipla,perdita della sensibilità
sclerosi multipla,urine frequenti
sclerosi multipla,ritenzione urinaria
Ipokaliemia (bassi livelli di potassio nel sangue),paralisi e paresi
Ipokaliemia (bassi livelli di potassio nel sangue),costipazione
Ipokaliemia (bassi livelli di potassio nel sangue),affaticamento
insufficienza venosa cronica,crampi notturni
insufficienza venosa cronica,edema - accumulo di liquido
insufficienza venosa cronica,perdita della sensibilità
insufficienza venosa cronica,lividi a chiazze
insufficienza venosa cronica,affaticamento
insufficienza venosa cronica,macchie scure sulla pelle
insufficienza venosa cronica,inspessimento della pelle
insufficienza venosa cronica,dolore alle gambe
insufficienza venosa cronica,dolore ai polpacci
insufficienza venosa cronica,escoriazioni e lesioni
insufficienza venosa cronica,prurito
insufficienza venosa cronica,lividi a chiazze
insufficienza venosa cronica,cianosi - colorito bluastro-violaceo di pelle
colelitiasi,sensazione di pressione
colelitiasi,nausea
colelitiasi,vomito
colelitiasi,nausea e sazietà
colelitiasi,pancia gonfia
ipertiroidismo,rigonfiamento del collo
ipertiroidismo,irritabilità
ipertiroidismo,insonnia
ipertiroidismo,tachicardia
ipertiroidismo,aumento dell'appetito
ipertiroidismo,sudore
ipertiroidismo,dolore al petto
ipertiroidismo,osteoporosi
ipertiroidismo,fegato ingrossato
ipertiroidismo,sporgenza degli occhi
ipertiroidismo,agitazione
ipertiroidismo,disturbi del sonno
ipertiroidismo,tachicardia
ipertiroidismo,tremore
ipertiroidismo,perdita di peso
ipertiroidismo,debolezza nelle braccia
ipertiroidismo,diarrea
ipertiroidismo,perdita dei capelli
ipertiroidismo,agitazione
ipertiroidismo,perdita di peso
ipertiroidismo,pressione alta
ipertiroidismo,diarrea
meningite,dolore alle braccia
meningite,vomito
meningite,confusione
meningite,febbre
meningite,mal di testa
meningite,nausea
meningite,dolore al collo
meningite,spasmi muscolari
meningite,disturbi della coscienza
meningite,affaticamento
meningite,convulsioni
meningite,riduzione della vista
meningite,paura della luce
meningite,numerosi puntini rossi sulla pelle
meningite,mal di schiena
insufficienza renale cronica,mal di testa
insufficienza renale cronica,confusione
insufficienza renale cronica,convulsioni
insufficienza renale cronica,debolezza
insufficienza renale cronica,liquido nei polmoni
insufficienza renale cronica,alito cattivo
insufficienza renale cronica,prurito
insufficienza renale cronica,anemia - pallore
insufficienza renale cronica,perdita di coscienza
insufficienza renale cronica,edema - accumulo di liquido
sindrome nefrosica,accumulo di liquido nell'addome
sindrome nefrosica,suscettibilità alle infezioni
sindrome nefrosica,pressione alta
sindrome nefrosica,insufficienza renale
sindrome nefrosica,disidratazione
sindrome nefrosica,colesterolo alto
sindrome nefrosica,trigliceridi alti
sindrome nefrosica,dolore al petto
sindrome nefrosica,urine torbide
sindrome nefrosica,edema - accumulo di liquido
sindrome nefrosica,urine schiumose
uremia,sonnolenza
uremia,amnesia
uremia,perdita di coscienza
uremia,singhiozzo
uremia,edema cerebrale
uremia,perdita della vista di un solo occhio
uremia,movimento involontario di un occhio
uremia,anoressia
uremia,accumulo di liquido nell'addome
uremia,gastrite
uremia,dolore allo stomaco
uremia,disturbi dell'umore
uremia,assenza del ciclo
uremia,impotenza
uremia,anemia - pallore
uremia,suscettibilità alle infezioni
uremia,dolore alle braccia
uremia,affaticamento
uremia,pressione alta
uremia,liquido nei polmoni
uremia,brividi
uremia,prurito
uremia,perdita di peso
ipotiroidismo,affaticamento
ipotiroidismo,riduzione dei movimenti
ipotiroidismo,lividi a chiazze
ipotiroidismo,aumento di peso
ipotiroidismo,fiato corto alterazione battiti del cuore
ipotiroidismo,dolore al petto
ipotiroidismo,infertilità
ipotiroidismo,depressione
ipotiroidismo,abbassamento della temperatura corporea
ipotiroidismo,difficoltà nel respirare
ipotiroidismo,vertigini capogiri e confusione
ipotiroidismo,stanchezza - fatica
ipotiroidismo,pelle secca
ipotiroidismo,perdita dei capelli
ipotiroidismo,sensazione di svenimento
ipotiroidismo,inspessimento della pelle
ipotiroidismo,costipazione
ipotiroidismo,disturbi del metabolismo dei grassi
tubercolosi,tosse
tubercolosi,ingrossamento dei linfonodi
tubercolosi,febbre
tubercolosi,sudore notturno
tubercolosi,perdita di peso
tubercolosi,stanchezza - fatica
tubercolosi,difficoltà nel respirare
addome acuto,nausea
addome acuto,coliche
addome acuto,vomito
ipertensione polmonare,tachicardia
ipertensione polmonare,vertigini
ipertensione polmonare,fegato ingrossato
ipertensione polmonare,difficoltà nel respirare
ipertensione polmonare,tosse
ipertensione polmonare,dolore al torace mancanza di ossigeno
ipertensione polmonare,affaticamento
ipertensione polmonare,edema - accumulo di liquido
ipertensione polmonare,cianosi - colorito bluastro-violaceo di pelle
granulomatosi con poliangioite,sinusite
granulomatosi con poliangioite,dolore all'orecchio
granulomatosi con poliangioite,dolore alla mascella
granulomatosi con poliangioite,lacrimazione e dolore all'occhio
granulomatosi con poliangioite,dolori articolari
granulomatosi con poliangioite,formicolio
granulomatosi con poliangioite,febbre
granulomatosi con poliangioite,perdita di peso
granulomatosi con poliangioite,sudore notturno
granulomatosi con poliangioite,starnuti
granulomatosi con poliangioite,dolore allo stomaco
granulomatosi con poliangioite,foruncoli
ipoglicemia,tremori
ipoglicemia,sudore
ipoglicemia,palpitazioni
ipoglicemia,tachicardia
ipoglicemia,aumento dell'appetito
ipoglicemia,lividi a chiazze
ipoglicemia,nausea
ipoglicemia,vomito
ipoglicemia,debolezza
ipoglicemia,agitazione
ipoglicemia,sudore
ipoglicemia,tachicardia
ipoglicemia,tremore
ipoglicemia,dilatazione delle pupille
ipoglicemia,pressione alta
ipoglicemia,aumento della frequenza respiratoria
ipoglicemia,mal di testa
ipoglicemia,carcinoma endocrino
ipoglicemia,irritabilità
ipoglicemia,smorfie
ipoglicemia,visione doppia
ipoglicemia,sonnolenza
depressione,perdita di appetito
depressione,umore depresso
depressione,affaticamento
ascite,pancia gonfia
feocromocitoma,pressione alta
feocromocitoma,mal di testa
feocromocitoma,sudore
feocromocitoma,palpitazioni
feocromocitoma,tremore
feocromocitoma,agitazione
feocromocitoma,dolore addominale
feocromocitoma,lividi a chiazze
feocromocitoma,dolore alle braccia
feocromocitoma,perdita di peso
feocromocitoma,aumento dell'appetito
feocromocitoma,mani fredde
feocromocitoma,tachicardia
feocromocitoma,difficoltà di concentrazione
itterizia,cirrosi epatica
itterizia,epatite
glomerulonefrite,sindrome nefrosica
glomerulonefrite,urine schiumose
glomerulonefrite,edema - accumulo di liquido
glomerulonefrite,affaticamento
glomerulonefrite,pressione alta
ipotensione,vertigini
ipotensione,debolezza
ipotensione,tachicardia
ipotensione,mal di testa
ipotensione,lividi a chiazze
ipotensione,tremore
dissezione aortica,tachicardia
dissezione aortica,diminuzione delle urine
dissezione aortica,dolore al petto
dissezione aortica,dolore al torace mancanza di ossigeno
dissezione aortica,mal di schiena
dissezione aortica,paura
dissezione aortica,agitazione
dissezione aortica,difficoltà nel respirare
tonsillite,alito cattivo
tonsillite,ingrossamento dei linfonodi
herpes zoster,vescicole
herpes zoster,numerosi puntini rossi sulla pelle
iperplasia prostatica benigna,dolore e bruciore mentre si urina
iperplasia prostatica benigna,urine frequenti
carcinoma pancreatico,perdita di peso
carcinoma pancreatico,mal di schiena
carcinoma pancreatico,ittero - pelle giallastra
carcinoma pancreatico,dolore lungo le vene
carcinoma pancreatico,nausea
carcinoma pancreatico,urine marroni
carcinoma pancreatico,prurito
carcinoma pancreatico,diarrea
carcinoma pancreatico,feci untuose
carcinoma pancreatico,perdita di appetito
carcinoma pancreatico,nausea e sazietà
carcinoma pancreatico,pancia gonfia
carcinoma pancreatico,sensazione di sete
carcinoma pancreatico,diarrea
carcinoma pancreatico,feci untuose
carcinoma pancreatico,perdita di peso
carcinoma pancreatico,dolore addominale
carcinoma pancreatico,prurito
carcinoma pancreatico,mal di schiena
diabete insipido,urine frequenti
diabete insipido,aumento dell'appetito
ipercalcemia,nausea
ipercalcemia,vomito
ipercalcemia,costipazione
ipercalcemia,calcoli urinari
ipercalcemia,sangue nelle urine
ipercalcemia,urine frequenti
ipercalcemia,aumento dell'appetito
ipercalcemia,sonnolenza
ipercalcemia,coma
febbre ghiandolare,febbre
febbre ghiandolare,alito cattivo
febbre ghiandolare,faringite
febbre ghiandolare,ingrossamento dei linfonodi
febbre ghiandolare,dolore durante la deglutizione
anemia da carenza di ferro,prurito
anemia da carenza di ferro,agitazione
anemia da carenza di ferro,difficoltà nel respirare
anemia da carenza di ferro,debolezza
anemia da carenza di ferro,mal di testa
anemia da carenza di ferro,tachicardia
anemia da carenza di ferro,difficoltà nel respirare
anemia da carenza di ferro,affaticamento
anemia da carenza di ferro,ronzio nelle orecchie
anemia da carenza di ferro,stanchezza - fatica
anemia da carenza di ferro,vertigini
anemia da carenza di ferro,palpitazioni
anemia da carenza di ferro,disturbi del sonno
anemia da carenza di ferro,mal di testa
morbo di hodgkin,prurito
morbo di hodgkin,nausea e sazietà
morbo di hodgkin,fegato ingrossato
morbo di hodgkin,febbre
morbo di hodgkin,sudore notturno
morbo di hodgkin,perdita di peso
morbo di hodgkin,stanchezza - fatica
morbo di hodgkin,ingrossamento dei linfonodi
morbo di reiter,dolori articolari
morbo di reiter,dolore e bruciore mentre si urina
morbo di reiter,atrite
morbo di reiter,congiuntivite
shock,cianosi - colorito bluastro-violaceo di pelle
shock,diminuzione delle urine
shock,aumento della frequenza respiratoria
fibrosi cistica,tosse
fibrosi cistica,riduzione della massa muscolare
fibrosi cistica,carenza di vitamine
fibrosi cistica,diarrea
fibrosi cistica,perdita di peso
fibrosi cistica,cirrosi
fibrosi cistica,colelitiasi
fibrosi cistica,infertilità
fibrosi cistica,vomito
fibrosi cistica,ostruzioni (feci e gas)
endocardite,febbre
endocardite,difficoltà nel respirare
endocardite,anoressia
endocardite,sangue nelle urine
sindrome di raynaud,lividi a chiazze
sindrome di raynaud,disturbi alla vista
sindrome di raynaud,cianosi - colorito bluastro-violaceo di pelle
sindrome di raynaud,dolore al petto
schizofrenia,delirio
schizofrenia,follia
schizofrenia,paranoia
schizofrenia,euforia
schizofrenia,ambivalenza affettiva
schizofrenia,autismo
schizofrenia,disturbo della personalità
schizofrenia,allucinazioni
schizofrenia,stato catatonico
emorragia subaracnoidea,mal di testa
emorragia subaracnoidea,disturbi della coscienza
emorragia subaracnoidea,vomito
emorragia subaracnoidea,vertigini capogiri e confusione
epatite alcolica,dolore addominale
epatite alcolica,febbre
epatite alcolica,perdita dell’appetito
epatite alcolica,nausea
epatite alcolica,vomito
epatite alcolica,debolezza
epatite alcolica,ittero - pelle giallastra
epatite alcolica,fegato ingrossato
policitemia,debolezza
policitemia,arrossamento cutaneo prurito
policitemia,prurito
policitemia,dolore lungo le vene
policitemia,vertigini
policitemia,mal di testa
policitemia,affaticamento
policitemia,sangue dal naso
policitemia,disturbi alla vista
policitemia,pressione alta
morbo di behcet,arrossamento cutaneo prurito
morbo di behcet,foruncoli
morbo di behcet,intolleranza alla luce
morbo di behcet,dolore agli occhi
morbo di behcet,atrite
morbo di behcet,ulcera
morbo di behcet,foruncoli
morbo di behcet,stomatite
morbo di behcet,riduzione della vista
delirio,disturbi della coscienza
delirio,incrocia le gambe senza sosta
delirio,agitazione
delirio,allucinazioni
delirio,tremore
delirio,pressione alta
delirio,tachicardia
delirio,febbre
sindrome ortostatica,vertigini capogiri e confusione
sindrome ortostatica,vertigini
sindrome ortostatica,disturbi della coscienza
dermatomiosite,brividi
dermatomiosite,febbre
dermatomiosite,debolezza alle gambe
dermatomiosite,difficoltà nel deglutire
dermatomiosite,alito cattivo
dermatomiosite,dolori muscolari e articolari
dermatomiosite,atrite
dermatomiosite,dolore alle braccia
dermatomiosite,prurito
dermatomiosite,lividi
dermatomiosite,atrofia muscolare
dermatomiosite,depositi sottocutanei
sichelzellanaemie,sonnolenza
sichelzellanaemie,disidratazione
sichelzellanaemie,nausea
sichelzellanaemie,anemia - pallore
emocromatosi,disfunzione erettile
emocromatosi,dolori articolari
emocromatosi,cirrosi epatica
emocromatosi,atrosi
emocromatosi,infertilità
encefalopatia epatica,confusione
encefalopatia epatica,sonnolenza
encefalopatia epatica,riduzione dei movimenti
encefalopatia epatica,disturbi del sonno
encefalopatia epatica,affaticamento
encefalopatia epatica,alito cattivo
encefalopatia epatica,tremore
encefalopatia epatica,sonnolenza
amiloidosi,urine schiumose
amiloidosi,edema - accumulo di liquido
amiloidosi,formicolio
amiloidosi,fegato ingrossato
amiloidosi,ingrossamento della lingua
amiloidosi,dolori articolari
amiloidosi,perdita dei capelli
sindrome da distress respiratorio acuto,palpitazioni
sindrome da distress respiratorio acuto,aumento della frequenza respiratoria
sindrome da distress respiratorio acuto,vampate di calore
sindrome da distress respiratorio acuto,insufficienza respiratoria
sindrome da distress respiratorio acuto,arrossamento cutaneo prurito
sindrome da distress respiratorio acuto,sonnolenza
sindrome da distress respiratorio acuto,aumento della frequenza respiratoria
sindrome da distress respiratorio acuto,difficoltà nel respirare
sindrome da distress respiratorio acuto,cianosi - colorito bluastro-violaceo di pelle
sindrome da distress respiratorio acuto,agitazione
sindrome da distress respiratorio acuto,confusione
cardiopatia ipertensiva,mal di testa
cardiopatia ipertensiva,vertigini
cardiopatia ipertensiva,sangue dal naso
cardiopatia ipertensiva,disturbi alla vista
cardiopatia ipertensiva,confusione
cardiopatia ipertensiva,difficoltà nel respirare
cardiopatia ipertensiva,dolore al torace mancanza di ossigeno
cardiopatia ipertensiva,diminuzione delle urine
essiccosi,agitazione
essiccosi,sonnolenza
essiccosi,diminuzione delle urine
essiccosi,vertigini capogiri e confusione
iperaldosteronismo primario,pressione alta
iperaldosteronismo primario,affaticamento
iperaldosteronismo primario,vomito
iperaldosteronismo primario,pressione alta
iperaldosteronismo primario,affaticamento
affaticamento,difficoltà nel respirare
affaticamento,tachicardia
affaticamento,vertigini
affaticamento,dolore al torace mancanza di ossigeno
reflusso gastroesofageo,sensazione di pressione
reflusso gastroesofageo,pancia gonfia
reflusso gastroesofageo,flatulenza
reflusso gastroesofageo,difficoltà nel deglutire
reflusso gastroesofageo,rigurgito
reflusso gastroesofageo,nausea
reflusso gastroesofageo,vomito
reflusso gastroesofageo,bruciore di stomaco
reflusso gastroesofageo,dolore al torace mancanza di ossigeno
reflusso gastroesofageo,dolore al petto
reflusso gastroesofageo,sensazione di pressione
reflusso gastroesofageo,rigurgito
psoriasi,retinoide
psoriasi,gonfiore delle dita
sindrome mielodisplastica,anemia - pallore
sindrome mielodisplastica,anemia - pallore
sindrome mielodisplastica,suscettibilità alle infezioni
sindrome mielodisplastica,febbre
sindrome mielodisplastica,sanguinamento
sindrome mielodisplastica,nausea e sazietà
sindrome mielodisplastica,fegato ingrossato
sindrome mielodisplastica,rigonfiamento del collo
sindrome mielodisplastica,anemia - pallore
sindrome mielodisplastica,brividi
sindrome mielodisplastica,dolore alle braccia
sindrome mielodisplastica,numerosi puntini rossi sulla pelle
sindrome mielodisplastica,malessere generale febbre stanchezza nausea e vomito
sindrome mielodisplastica,affaticamento
sindrome mielodisplastica,dolori lombari
insufficienza respiratoria,paura
insufficienza respiratoria,disturbi della coscienza
insufficienza respiratoria,ingrossamento dell'ultima falange
insufficienza respiratoria,disturbi del sonno
insufficienza respiratoria,mal di testa
insufficienza respiratoria,difficoltà nel respirare
insufficienza respiratoria,cianosi - colorito bluastro-violaceo di pelle
insufficienza respiratoria,agitazione
insufficienza respiratoria,confusione
insufficienza respiratoria,tachicardia
ischialgie,perdita della sensibilità
encefalopatia,spasmi e crampi
encefalopatia,difficoltà nel deglutire
encefalopatia,difficoltà nel muovere le labbra
encefalopatia,vertigini capogiri e confusione
morbo di wilson,anemia - pallore
morbo di wilson,tremore
morbo di wilson,depressione
morbo di wilson,affaticamento
morbo di wilson,ittero - pelle giallastra
morbo di wilson,gonfiore delle braccia
morbo di wilson,gonfiore delle gambe
morbo di wilson,nausea
morbo di wilson,perdita dell’appetito
morbo di wilson,perdita di bava
morbo di wilson,difficoltà nel deglutire
diverticolite,costipazione
diverticolite,diarrea
diverticolite,flatulenza
diverticolite,dolore addominale
diverticolite,febbre
diverticolite,dolore alle braccia
diverticolite,febbre
diverticolite,nausea
diverticolite,dolore al petto
diverticolite,vomito
morbo di meniere,vertigini
morbo di meniere,perdita dell'udito
morbo di meniere,ronzio nelle orecchie
morbo di meniere,nausea
morbo di meniere,vomito
linfoma,malessere generale febbre stanchezza nausea e vomito
linfoma,dolori alle ossa
linfoma,nausea e sazietà
linfoma,fegato ingrossato
linfoma,febbre
linfoma,perdita di peso
linfoma,sudore notturno
linfoma,anemia - pallore
linfoma,stanchezza - fatica
linfoma,affaticamento
linfoma,numerosi puntini rossi sulla pelle
linfoma,sanguinamento
linfoma,mal di gola
linfoma,suscettibilità alle infezioni
cataratta,sensibilità alla luce
cataratta,visione doppia
cataratta,alterata visione dei colori
cataratta,disturbi alla vista
encefalite,febbre
encefalite,sensibilità alla luce
encefalite,spasmi muscolari
encefalite,disturbi della coscienza
encefalite,mal di testa
malaria,mal di testa
malaria,nausea e sazietà
malaria,fegato ingrossato
malaria,ittero - pelle giallastra
malaria,nausea
malaria,vomito
malaria,diarrea
malaria,anemia - pallore
malaria,numerosi puntini rossi sulla pelle
malaria,malessere generale febbre stanchezza nausea e vomito
malaria,ipoglicemia
malaria,liquido nei polmoni
malaria,mani fredde
malaria,diminuzione delle urine
malaria,febbre
malaria,brividi
pielonefrite,nausea
pielonefrite,vomito
pielonefrite,incapacità nel deglutire
pielonefrite,mal di testa
pielonefrite,difficoltà nell'urinare
pielonefrite,dolore al petto
pielonefrite,mal di schiena
pitiriasi rosea,arrossamento cutaneo
pitiriasi rosea,vescicole
pitiriasi rosea,alterazioni dell'udito
pitiriasi rosea,dolore al pene
pitiriasi rosea,macchie bianche
sindrome di gilbert,disturbi della digestione
sindrome di gilbert,dolore addominale
sindrome di gilbert,perdita di peso
sindrome di gilbert,difficoltà di concentrazione
sindrome di gilbert,ansia
sindrome di gilbert,depressione
sindrome di gilbert,affaticamento
sindrome di gilbert,perdita dell’appetito
sindrome di gilbert,anemia - pallore
cancro alla prostata,dolore e bruciore mentre si urina
cancro alla prostata,difficoltà nell'urinare
cancro alla prostata,urine frequenti
cancro alla prostata,incontinenza
cancro alla prostata,mal di schiena
cancro alla prostata,eiaculazione dolorosa
cancro alla prostata,urine frequenti
cancro alla prostata,sangue nelle urine
cancro alla prostata,disfunzione erettile
cancro alla prostata,stanchezza - fatica
cancro alla prostata,anemia - pallore
epatite,dolore alla pressione
epatite,diarrea
epatite,dolori articolari
epatite,macchie a rilievo sulla pelle
epatite,stanchezza - fatica
epatite,perdita di appetito
epatite,nausea
agranulocitosi,sanguinamento delle gengive
agranulocitosi,febbre
agranulocitosi,dolore durante la deglutizione
agranulocitosi,stomatite
vertigine posizionale parossistica benigna,sensibilità alla luce
vertigine posizionale parossistica benigna,tachicardia
vertigine posizionale parossistica benigna,nausea
vertigine posizionale parossistica benigna,vertigini
vertigine posizionale parossistica benigna,disturbi alla vista
leucemia linfatica cronica,febbre
leucemia linfatica cronica,perdita di peso
leucemia linfatica cronica,suscettibilità alle infezioni
leucemia linfatica cronica,numerosi puntini rossi sulla pelle
leucemia linfatica cronica,anemia - pallore
leucemia linfatica cronica,mal di gola
leucemia linfatica cronica,dolore alle ossa
leucemia linfatica cronica,dolore alle braccia
leucemia linfatica cronica,fegato ingrossato
leucemia linfatica cronica,orticaria
leucemia linfatica cronica,lividi a chiazze
leucemia linfatica cronica,ingrossamento dei linfonodi
leucemia linfatica cronica,stanchezza - fatica
leucemia linfatica cronica,sudore notturno
leucemia linfatica cronica,nausea e sazietà
leucemia linfatica cronica,prurito
leucemia linfatica cronica,herpes
leucemia linfatica cronica,sensazione di bruciore
insufficienza aortica,dolore al torace mancanza di ossigeno
insufficienza aortica,palpitazioni
insufficienza aortica,difficoltà nel respirare
insufficienza aortica,agitazione
insufficienza aortica,attacco d'asma
insufficienza aortica,tachicardia
emicrania,visione di lampi
emicrania,sensibilità alla luce
emicrania,perdita di appetito
emicrania,mal di testa
emicrania,dolore agli occhi
emicrania,vomito
emicrania,nausea
emicrania,vertigini
emicrania,difficoltà nel leggere
attacco ischemico transitorio,paralisi del volto
attacco ischemico transitorio,difficoltà nel movimento
attacco ischemico transitorio,perdita della sensibilità
attacco ischemico transitorio,disturbi alla vista
attacco ischemico transitorio,difficoltà nel parlare
leucemia mieloide cronica,dolore alle braccia
leucemia mieloide cronica,nausea e sazietà
leucemia mieloide cronica,dolore alle braccia
leucemia mieloide cronica,anemia - pallore
leucemia mieloide cronica,affaticamento
leucemia mieloide cronica,stanchezza - fatica
leucemia mieloide cronica,sudore notturno
leucemia mieloide cronica,febbre
bronchiectasia,tosse
bronchiectasia,difficoltà nel respirare
bronchiectasia,muco di colore giallo
bronchiectasia,suscettibilità alle infezioni
lupus eritematoso sistemico,febbre
lupus eritematoso sistemico,perdita di peso
lupus eritematoso sistemico,ingrossamento dei linfonodi
lupus eritematoso sistemico,brividi
lupus eritematoso sistemico,dolori articolari
lupus eritematoso sistemico,perdita dei capelli
lupus eritematoso sistemico,sensibilità alla luce
lupus eritematoso sistemico,miocardite
lupus eritematoso sistemico,dolore alle braccia
lupus eritematoso sistemico,urine torbide
lupus eritematoso sistemico,depressione
lupus eritematoso sistemico,anemia
lupus eritematoso sistemico,numerosi puntini rossi sulla pelle
lupus eritematoso sistemico,malessere generale febbre stanchezza nausea e vomito
lupus eritematoso sistemico,febbre
lupus eritematoso sistemico,affaticamento
lupus eritematoso sistemico,perdita di peso
lupus eritematoso sistemico,dolori articolari
lupus eritematoso sistemico,atrite
lupus eritematoso sistemico,sensibilità alla luce
lupus eritematoso sistemico,macchie a rilievo sulla pelle
lupus eritematoso sistemico,capillari visibili
lupus eritematoso sistemico,perdita dei capelli
lupus eritematoso sistemico,psicosi
lupus eritematoso sistemico,mal di testa
lupus eritematoso sistemico,urine schiumose
lupus eritematoso sistemico,diarrea
lupus eritematoso sistemico,vescicole sulle labbra
lupus eritematoso sistemico,difficoltà nel deglutire
lupus eritematoso sistemico,epatite
lupus eritematoso sistemico,congiuntivite
tireotossicosi,tachicardia
tireotossicosi,rossore
tireotossicosi,nausea
tireotossicosi,vomito
tireotossicosi,diarrea
tireotossicosi,tremore
tireotossicosi,paralisi
tireotossicosi,disidratazione
edema cerebrale,perdita di coscienza
edema cerebrale,febbre
edema cerebrale,difficoltà nel movimento
edema cerebrale,difficoltà nel parlare
edema cerebrale,amnesia
edema cerebrale,mal di testa
edema cerebrale,dolore al collo
edema cerebrale,nausea
edema cerebrale,tachicardia
edema cerebrale,vertigini
emorroidi,dolore anale
emorroidi,anemia - pallore
emorroidi,ragadi
emorroidi,arrossamento cutaneo
emorroidi,prurito anale
emorroidi,prolasso rettale
emorroidi,cancro del colon-retto
ulcera ventricolare,pancia gonfia
ulcera ventricolare,nausea
ulcera ventricolare,perdita di appetito
ulcera ventricolare,perdita di peso
carenza di alfa 1-antitripsina,tosse
carenza di alfa 1-antitripsina,difficoltà nel respirare
carenza di alfa 1-antitripsina,ostruzione respiratoria
carenza di alfa 1-antitripsina,enfisema polmonare
carenza di alfa 1-antitripsina,ittero - pelle giallastra
carenza di alfa 1-antitripsina,attacco d'asma
carenza di alfa 1-antitripsina,debolezza
carenza di alfa 1-antitripsina,gonfiore addominale
carenza di alfa 1-antitripsina,affaticamento
carenza di alfa 1-antitripsina,fegato ingrossato
sindrome di cushing,viso arrossato
sindrome di cushing,aumento di peso
sindrome di cushing,debolezza nelle braccia
sindrome di cushing,pressione alta
sindrome di cushing,affaticamento
sindrome di cushing,sonnolenza
sindrome di cushing,sudori freddi
sindrome di cushing,aumento dei peli
sindrome di cushing,osteoporosi
carcinoma ovarico,difficoltà nell'urinare
carcinoma ovarico,pancia gonfia
carcinoma ovarico,nausea e sazietà
carcinoma ovarico,accumulo di liquido nell'addome
carcinoma ovarico,dolori addominali
carcinoma ovarico,perdita di peso
carcinoma ovarico,stanchezza - fatica
carcinoma ovarico,flatulenza
anemia aplastica,anemia - pallore
anemia aplastica,febbre
anemia aplastica,lividi a chiazze
anemia aplastica,difficoltà nel respirare
anemia aplastica,sangue dal naso
anemia aplastica,numerosi puntini rossi sulla pelle
anemia aplastica,dolore allo stomaco
anemia aplastica,gonfiore alla gengive
anemia aplastica,polmonite
anemia aplastica,eruzioni cutanee
anemia aplastica,ematoma
anemia aplastica,mal di gola
anemia aplastica,ulcere nella bocca
anemia aplastica,gonfiore alle tonsille
anemia aplastica,dolore alla pressione
anemia aplastica,macchie bianche
anemia aplastica,cirrosi epatica
anemia aplastica,dolori muscolari e articolari
gonorrea,dolore e bruciore mentre si urina
gonorrea,dolori durante i rapporti sessuali
gonorrea,dolore pelvico
gonorrea,prurito
gonorrea,dolore anale
gonorrea,foruncoli
gonorrea,atrite
tachicardia da rientro nodale,dolore al petto
tachicardia da rientro nodale,ansia
tachicardia da rientro nodale,vertigini capogiri e confusione
tachicardia da rientro nodale,tachicardia
varicella,macchie a rilievo sulla pelle
varicella,vescicole
varicella,febbre
varicella,mal di testa
varicella,prurito
broncopolmonite,brividi
broncopolmonite,sudorazione
broncopolmonite,dolore al petto
broncopolmonite,fiato corto
broncopolmonite,tosse
broncopolmonite,febbre
sindrome dell'arteria spinale anteriore,dolore al petto
sindrome dell'arteria spinale anteriore,sensibilità alla luce
sindrome dell'arteria spinale anteriore,disturbi alla vista
sindrome dell'arteria spinale anteriore,ronzio nelle orecchie
sindrome dell'arteria spinale anteriore,disturbi della sensibilità della pelle
sindrome dell'arteria spinale anteriore,nausea
sindrome dell'arteria spinale anteriore,tendenza ad inciampare
sindrome miastenica di lambert-eaton,dolore alle gambe
sindrome miastenica di lambert-eaton,dolore alle braccia
sindrome miastenica di lambert-eaton,secchezza alla bocca
sindrome miastenica di lambert-eaton,debolezza
sindrome miastenica di lambert-eaton,abbassamento delle palpebre
sindrome miastenica di lambert-eaton,costipazione
fibromialgia,eccessiva sudorazione
fibromialgia,tremore
fibromialgia,difficoltà di concentrazione
fibromialgia,dolore anale
fibromialgia,mal di testa
fibromialgia,disturbi del sonno
fibromialgia,stanchezza
fibromialgia,dolori muscolari
fibromialgia,sensazione di un corpo estraneo nella gola
catatonia,stupore
catatonia,perdita sensibilità al dolore
catatonia,mutismo
catatonia,ripetizione di parole o frasi
sindrome da inappropriata secrezione,perdita di appetito
sindrome da inappropriata secrezione,crampi muscolari
sindrome da inappropriata secrezione,disturbi della personalità
sindrome da inappropriata secrezione,stupore
sindrome da inappropriata secrezione,malessere generale
sindrome da inappropriata secrezione,nausea
sindrome da inappropriata secrezione,vomito
sindrome da inappropriata secrezione,mal di testa
sindrome da inappropriata secrezione,perdita di peso
sindrome da inappropriata secrezione,irritabilità
malattia di von willebrand,sangue dal naso
malattia di von willebrand,dolori articolari
malattia di von willebrand,lividi
malattia di von willebrand,sanguinamento
malattia di von willebrand,dolori addominali
malattia di von willebrand,difficoltà di movimento
avvelenamento da piombo,sangue nelle urine
avvelenamento da piombo,convulsioni
avvelenamento da piombo,vomito
avvelenamento da piombo,nausea
avvelenamento da piombo,mal di testa
avvelenamento da piombo,spasmi e crampi
avvelenamento da piombo,movimenti anomali di mani e braccia
tumore della cervice,dolori durante i rapporti sessuali
tumore della cervice,perdita di sangue uterino
tumore della cervice,dolore pelvico
tumore della cervice,dolore al petto
insufficienza epatica,alito cattivo
insufficienza epatica,tremore
insufficienza epatica,coma
insufficienza epatica,vertigini capogiri e confusione
insufficienza epatica,palpitazioni
insufficienza epatica,prurito
difterite,ingrossamento dei linfonodi
difterite,febbre
difterite,vomito
difterite,tosse
difterite,miocardite
difterite,fitte
difterite,polmonite
acromegalia,ingrossamento della lingua
acromegalia,mal di testa
acromegalia,pressione alta
acromegalia,eccessiva sudorazione
acromegalia,aumento della pelosità
acromegalia,dolori articolari
acromegalia,perdita della sensibilità
acromegalia,disturbi alla vista
sindrome da anticorpi antifosfolipidi,perdita della vista
sindrome da anticorpi antifosfolipidi,perdita dell'udito
sindrome da anticorpi antifosfolipidi,convulsioni
sindrome da anticorpi antifosfolipidi,emicrania
sindrome da anticorpi antifosfolipidi,dolore pelvico
sindrome da anticorpi antifosfolipidi,urine schiumose
sindrome da anticorpi antifosfolipidi,pressione alta
sindrome da anticorpi antifosfolipidi,numerosi puntini rossi sulla pelle
sindrome da anticorpi antifosfolipidi,anemia - pallore
sindrome da anticorpi antifosfolipidi,emorragia
sindrome da anticorpi antifosfolipidi,formicolio
sindrome da anticorpi antifosfolipidi,lividi
sindrome da anticorpi antifosfolipidi,dolore al petto
sindrome da anticorpi antifosfolipidi,embolie
sindrome da anticorpi antifosfolipidi,tachicardia
sindrome da anticorpi antifosfolipidi,aborto spontaneo
iperaldosteronismo,spasmi e crampi
iperaldosteronismo,paralisi
iperaldosteronismo,mal di testa
iperaldosteronismo,pressione alta
iperaldosteronismo,affaticamento
iperaldosteronismo,vomito
atrite,dolore alle ginocchia
atrite,gonfiore alle gambe
atrite,trauma
carcinoma tiroideo,difficoltà nel deglutire
carcinoma tiroideo,difficoltà nel respirare
carcinoma tiroideo,tosse
trombosi venosa cerebrale,dolore alla pressione
trombosi venosa cerebrale,disturbi alla vista
trombosi venosa cerebrale,dolore al petto
trombosi venosa cerebrale,edema - accumulo di liquido
trombosi venosa cerebrale,attacco epilettico
trombosi venosa cerebrale,mal di testa
trombosi venosa cerebrale,nausea
trombosi venosa cerebrale,febbre
trombosi venosa cerebrale,dolore alle braccia
trombosi venosa cerebrale,eventi focali
trombosi venosa cerebrale,paralisi facciale
trombosi venosa cerebrale,riduzione della vista
nervo laringeo ricorrente,difficoltà respiratorie
nervo laringeo ricorrente,perdita della voce
nervo laringeo ricorrente,indebolimento della voce
nervo laringeo ricorrente,vampate di calore
nervo laringeo ricorrente,senso di soffocamento
carcinoma a cellule renali,sangue nelle urine
carcinoma a cellule renali,dolore all'inguine
carcinoma a cellule renali,stitichezza
carcinoma a cellule renali,pressione alta
carcinoma a cellule renali,mal di testa
carcinoma a cellule renali,dolore al fianco
carcinoma a cellule renali,perdita di peso
carcinoma a cellule renali,stanchezza - fatica
carcinoma a cellule renali,febbre
carcinoma a cellule renali,anemia - pallore
calcoli urinari,vomito
calcoli urinari,incapacità nel deglutire
calcoli urinari,sangue nelle urine
calcoli urinari,coliche
calcoli urinari,nausea
influenza,tosse
influenza,febbre
influenza,difficoltà nel deglutire
influenza,mal di testa
influenza,brividi
gastroenterite,flautolenza
gastroenterite,febbre
gastroenterite,intossicazione alimentare
gastroenterite,secchezza della bocca
gastroenterite,spasmi
gastroenterite,colite
sindrome di reye,vomito
sindrome di reye,ipoglicemia
sindrome di reye,movimenti anomali di mani e braccia
sindrome di reye,vomito
sindrome di reye,sonnolenza
sindrome di reye,torpore
sindrome di reye,ittero - pelle giallastra
porfiria,perdita forza muscolare
porfiria,spasmi e crampi
porfiria,perdita della sensibilità
porfiria,dolore addominale
porfiria,nausea
porfiria,convulsioni
porfiria,paralisi e paresi
porfiria,sintomi psichiatrici
porfiria,tachicardia
porfiria,pressione alta
paralisi facciale,abbassamento di un angolo della bocca
paralisi facciale,difficoltà espressive
paralisi facciale,occhio sbarrato
sindrome di kawasaki,stomatite
sindrome di kawasaki,eritema palmare
sindrome di kawasaki,febbre
sindrome di kawasaki,ingrossamento dei linfonodi
sindrome di kawasaki,macchie a rilievo sulla pelle
sindrome di kawasaki,intolleranza alla luce
sindrome di kawasaki,puntini rossi sulla lingua
sindrome di kawasaki,congiuntivite
nefropatia diabetica,perdita di peso
nefropatia diabetica,suscettibilità alle infezioni
nefropatia diabetica,schiuma nelle urine
nefropatia diabetica,gonfiore alle gambe
nefropatia diabetica,gonfiore al viso
nefropatia diabetica,albuminurie
nefropatia diabetica,dolori muscolari
scarlatina,difficoltà nel deglutire
scarlatina,tosse
scarlatina,vomito
scarlatina,mal di testa
scarlatina,faringite
scarlatina,dolore durante la deglutizione
scarlatina,intolleranza alla luce
scarlatina,puntini rossi sulla lingua
scarlatina,macchie a rilievo sulla pelle
scarlatina,lividi a chiazze
scarlatina,febbre
scarlatina,nausea
scarlatina,gonfiore alle tonsille
gastrite,dolore addominale
gastrite,nausea e sazietà
gastrite,nausea
gastrite,vomito
gastrite,perdita di peso
pneumotorace iperteso,tachicardia
pneumotorace iperteso,difficoltà nel respirare
pneumotorace iperteso,vertigini capogiri e confusione
pneumotorace iperteso,cianosi - colorito bluastro-violaceo di pelle
pneumotorace iperteso,sonnolenza
colesteatoma,dolore alle orecchie
colesteatoma,perdita dell'udito
colesteatoma,mal di testa
colesteatoma,febbre
pericardite,sudorazione
pericardite,febbre
pericardite,singhiozzo
pericardite,dolore al torace mancanza di ossigeno
pericardite,aumento del numero di linfociti
idrocefalo normoteso,difficoltà nel movimento
idrocefalo normoteso,incontinenza
idrocefalo normoteso,disturbi dell'equilibrio
carcinoma esofageo,difficoltà nel deglutire
carcinoma esofageo,perdita di peso
carcinoma esofageo,dolore al petto
carcinoma esofageo,feci scure
carcinoma esofageo,sapore di sangue in bocca
carcinoma esofageo,rigurgito
carcinoma esofageo,vomito
carcinoma esofageo,perdita di saliva
carcinoma esofageo,mal di schiena
carcinoma esofageo,perdita di appetito
carcinoma esofageo,raucedine
carcinoma esofageo,difficoltà nel deglutire
carcinoma esofageo,dolore al torace mancanza di ossigeno
carcinoma esofageo,eccessiva salivazione
carcinoma epatocellulare,dolore alla pressione
carcinoma epatocellulare,perdita di peso
carcinoma epatocellulare,accumulo di liquido nell'addome
carcinoma epatocellulare,febbre
carcinoma epatocellulare,mal di testa
trombocitemia essenziale,disturbi alla vista
trombocitemia essenziale,mal di testa
trombocitemia essenziale,vertigini
trombocitemia essenziale,ronzio nelle orecchie
trombocitemia essenziale,sudore notturno
trombocitemia essenziale,sangue dal naso
trombocitemia essenziale,sanguinamento dalle gengive
trombocitemia essenziale,ematoma
trombocitemia essenziale,perdita della sensibilità
trombocitemia essenziale,dolore lungo le vene
trombocitemia essenziale,vertigini
trombocitemia essenziale,mal di testa
trombocitemia essenziale,disturbi alla vista
trombocitemia essenziale,tendenza al sanguinamento
trombocitemia essenziale,nausea e sazietà
trombocitemia essenziale,dolori articolari
trombocitemia essenziale,dolore alle braccia
sindrome dell'apnea notturna delle vie aeree superiori,respirazione della bocca
sindrome dell'apnea notturna delle vie aeree superiori,perdita dell'udito
sindrome dell'apnea notturna delle vie aeree superiori,russamento
sindrome dell'apnea notturna delle vie aeree superiori,tosse
bronchite cronica,brividi
bronchite cronica,febbre
bronchite cronica,fiato corto
bronchite cronica,muco di colore giallo
bronchite cronica,dolore nel deglutire
bronchite cronica,tosse
bronchite cronica,difficoltà nel respirare
bronchite cronica,rumori respiratori
tumore cerebrale maligno,mal di testa
tumore cerebrale maligno,nausea
tumore cerebrale maligno,vomito
tumore cerebrale maligno,convulsioni
tumore cerebrale maligno,riduzione della vista
sindrome da furto della succlavia,vertigini
sindrome da furto della succlavia,perdita di coscienza
sindrome da furto della succlavia,disturbi alla vista
sindrome da furto della succlavia,ronzio nelle orecchie
sindrome da furto della succlavia,disturbi della sensibilità della pelle
sindrome da furto della succlavia,tendenza ad inciampare
sindrome da furto della succlavia,perdita della sensibilità
sindrome da furto della succlavia,dolore al petto
sindrome da furto della succlavia,lividi a chiazze
miocardite,affaticamento
miocardite,febbre
miocardite,diarrea
miocardite,tosse
miocardite,macchie a rilievo sulla pelle
miocardite,dolore al petto
miocardite,palpitazioni
intertrigine,macchie scure sulla pelle
intertrigine,squame sulla pelle
intertrigine,prurito
intertrigine,pustole
intertrigine,erosioni cutanee
colangite,dolore addominale
colangite,dolore al petto
colangite,febbre
colangite,diarrea
colangite,perdita di peso
colangite,debolezza
colangite,perdita dell’appetito
colangite,prurito
colangite,ittero - pelle giallastra
colangite sclerosante primitiva,ittero - pelle giallastra
colangite sclerosante primitiva,febbre
colangite sclerosante primitiva,affaticamento
colangite sclerosante primitiva,stanchezza - fatica
colangite sclerosante primitiva,perdita di peso
colangite sclerosante primitiva,perdita dell’appetito
colangite sclerosante primitiva,dolore addominale
colangite sclerosante primitiva,fegato ingrossato
colangite sclerosante primitiva,nausea e sazietà
colangite sclerosante primitiva,prurito
colangite sclerosante primitiva,diarrea
sindrome da carcinoide,debolezza
sindrome da carcinoide,tachicardia
sindrome da carcinoide,perdita di peso
sindrome da carcinoide,difficoltà respiratorie
sindrome da carcinoide,dolore addominale
sindrome da carcinoide,vampate di calore
sindrome da carcinoide,attacco d'asma
sindrome da carcinoide,rossore
sindrome da carcinoide,diarrea
mielofibrosi,debolezza
mielofibrosi,fiato corto
mielofibrosi,fegato ingrossato
mielofibrosi,febbre
mielofibrosi,anemia - pallore
mielofibrosi,sudorazione notturna
mielofibrosi,ematomi
mielofibrosi,dolore alle braccia
mielofibrosi,prurito
mielofibrosi,nausea e sazietà
gastrite acuta,dolore al petto
gastrite acuta,vomito
gastrite acuta,vomito con sangue
gastrite acuta,sangue nelle feci
gastrite acuta,nausea
gastrite acuta,nausea e sazietà
gastrite acuta,sangue dal retto
gastrite acuta,pancia gonfia
rachitismo,rigonfiamento dei polsi
rachitismo,incurvatura delle gambe
rachitismo,crampi
rachitismo,convulsioni
rachitismo,sporgenze ossee sul petto
rachitismo,carie
miomatosi uterina,dolori addominali
miomatosi uterina,perdita di sangue uterino
miomatosi uterina,difficoltà nell'urinare
miomatosi uterina,addome acuto
miomatosi uterina,anemia - pallore
miomatosi uterina,infertilità
leucemia mieloide acuta,stanchezza - fatica
leucemia mieloide acuta,febbre
leucemia mieloide acuta,sudore notturno
leucemia mieloide acuta,suscettibilità alle infezioni
leucemia mieloide acuta,numerosi puntini rossi sulla pelle
leucemia mieloide acuta,anemia - pallore
otite media,vomito
otite media,diarrea
otite media,febbre
otite media,brividi
otite media,nausea
otite media,dolore alle orecchie
otite media,perdita dell'udito
commozione cerebrale,stanchezza
commozione cerebrale,ronzio nelle orecchie
commozione cerebrale,difficoltà nel parlare
commozione cerebrale,vomito
commozione cerebrale,nausea
commozione cerebrale,difficoltà nel movimento
commozione cerebrale,mal di testa
commozione cerebrale,vertigini
esofagite da reflusso,sensazione di bruciore
esofagite da reflusso,rigurgito
esofagite da reflusso,difficoltà nel deglutire
esofagite da reflusso,dolore al torace mancanza di ossigeno
cistite,difficoltà nell'urinare
cistite,urine frequenti
cistite,dolore e bruciore mentre si urina
diverticolosi,diarrea
diverticolosi,febbre
diverticolosi,dolore addominale
diverticolosi,flautulenza
diverticolosi,crampi
diverticolosi,emorragia
diverticolosi,ulcera
diverticolosi,febbre
malattia da immersione,dolore al petto
malattia da immersione,edema - accumulo di liquido
malattia da immersione,disturbi della sensibilità della pelle
malattia da immersione,perdita dell'udito
malattia da immersione,perdita della vista
malattia da immersione,perdita di coscienza
malattia da immersione,difficoltà respiratorie
urosepsi,brividi
urosepsi,febbre
urosepsi,tachicardia
urosepsi,aumento della frequenza respiratoria
urosepsi,vertigini capogiri e confusione
urosepsi,cianosi - colorito bluastro-violaceo di pelle
urosepsi,diminuzione delle urine
sindrome di wallenberg,difficoltà nel parlare
sindrome di wallenberg,difficoltà nel muovere le labbra
sindrome di wallenberg,vomito
sindrome di wallenberg,raucedine
sindrome di wallenberg,disturbi alla vista
sindrome di wallenberg,perdita della sensibilità
sindrome di wallenberg,nausea
sindrome di wallenberg,vertigini
carcinoma tonsillare,difficoltà nel deglutire
carcinoma tonsillare,raucedine
carcinoma tonsillare,alito cattivo
tumore di klatskin,ittero - pelle giallastra
tumore di klatskin,prurito
tumore di klatskin,feci untuose
linfangite,malessere generale
linfangite,febbre
linfangite,brividi
linfangite,tachicardia
ulcera gastroduodenale,nausea e sazietà
ulcera gastroduodenale,nausea
ulcera gastroduodenale,vomito
ulcera gastroduodenale,perdita di appetito
ulcera gastroduodenale,emorragie
ulcera gastroduodenale,perdita di peso
ulcera gastroduodenale,nausea e sazietà
glaucoma,dolore agli occhi
glaucoma,vomito
glaucoma,perdita della vista
glaucoma,assenza riflesso fotomotore
glaucoma,mal di testa
glaucoma,occhi arrossati
glaucoma,vomito
glaucoma,nausea
orbitopatia tiroidea,sporgenza degli occhi
orbitopatia tiroidea,occhi arrossati
orbitopatia tiroidea,dolore agli occhi
orbitopatia tiroidea,paura della luce
orbitopatia tiroidea,sensazione di corpo estraneo negli occhi
spondilite anchilosante,dolore ai glutei
spondilite anchilosante,dolori articolari
spondilite anchilosante,riduzione della vista
spondilite anchilosante,mal di schiena
spondilite anchilosante,riduzione della vista
spondilite anchilosante,lacrimazione e dolore all'occhio
stenosi aortica,mal di testa
stenosi aortica,sangue dal naso
stenosi aortica,vertigini
stenosi aortica,ronzio nelle orecchie
stenosi aortica,cianosi - colorito bluastro-violaceo di pelle
stenosi aortica,fegato ingrossato
ritenzione urinaria,diminuzione delle urine
ritenzione urinaria,incontinenza
sindrome neurolettica maligna,rigidità muscolare
sindrome neurolettica maligna,tachicardia
sindrome neurolettica maligna,febbre
sindrome neurolettica maligna,delirio
distacco della retina,lampi di luce
distacco della retina,mosche volanti
distacco della retina,disturbi alla vista
emofilia,dolori articolari
emofilia,gonfiore alle gambe
emofilia,sangue nelle urine
emofilia,ematoma
emofilia,sangue dal naso
emofilia,mestruazioni particolarmente abbondanti
malattia di gaucher,dolore alle ossa
malattia di gaucher,sanguinamento
malattia di gaucher,mestruazioni particolarmente abbondanti
malattia di gaucher,sangue dal naso
malattia di gaucher,sanguinamento della pelle
malattia di gaucher,perdita di sangue uterino
malattia di gaucher,sanguinamento dalle gengive
malattia di gaucher,suscettibilità alle infezioni
malattia di gaucher,difficoltà nel respirare
arteriopatia periferica,cianosi - colorito bluastro-violaceo di pelle
arteriopatia periferica,perdita di peli
arteriopatia periferica,dolore al petto
arteriopatia periferica,difficoltà nel respirare
arteriopatia periferica,perdita della sensibilità
rabdomiolisi,dolori muscolari e articolari
rabdomiolisi,debolezza nelle braccia
rabdomiolisi,febbre
rabdomiolisi,nausea
rabdomiolisi,urine scure
rabdomiolisi,debolezza
rabdomiolisi,dolori articolari
rosolia,influenza
rosolia,occhi arrossati
rosolia,perdita dell’appetito
rosolia,stanchezza
rosolia,malessere generale
rosolia,macchie a rilievo sulla pelle
sesta malattia,febbre
sesta malattia,sudore notturno
sesta malattia,sensazione di bruciore
sesta malattia,numerosi puntini rossi sulla pelle
sesta malattia,ingrossamento dei linfonodi
sesta malattia,nausea e sazietà
sesta malattia,anemia - pallore
sesta malattia,suscettibilità alle infezioni
sesta malattia,stanchezza - fatica
sesta malattia,fegato ingrossato
eritrasma,prurito all'inguine
eritrasma,dermatite da contatto
eritrasma,dolore al pene
eritrasma,desquamazione della pelle
eritrasma,arrossamento cutaneo
nicturia,cistite
nicturia,incontinenza
nicturia,insufficienza cardiaca
nicturia,iperplasia prostatica benigna
nicturia,insufficienza renale
mielofibrosi,febbre
mielofibrosi,ematoma
mielofibrosi,sudorazione notturna
mielofibrosi,ittero - pelle giallastra
mielofibrosi,fegato ingrossato
mielofibrosi,fiato corto
mielofibrosi,stanchezza
mielofibrosi,nausea e sazietà
alveolite allergica esogena,mal di testa
alveolite allergica esogena,brividi
alveolite allergica esogena,affaticamento
alveolite allergica esogena,perdita di peso
alveolite allergica esogena,febbre
alveolite allergica esogena,tosse
alveolite allergica esogena,difficoltà nel respirare
alveolite allergica esogena,aumento della frequenza respiratoria
afasia,problemi di scrittura e lettura
afasia,tendenza a parlare rapidamente
afasia,difficoltà nel ripetere le frasi
afasia,frasi prive di senso
mastoidite,dolore alla mascella
mastoidite,vertigini
mastoidite,febbre
mastoidite,dolore all'orecchio
mastoidite,perdita dell'udito
mastoidite,febbre
reazione herxheimer,lesioni cutanee
reazione herxheimer,brividi
reazione herxheimer,dolori muscolari
reazione herxheimer,febbre
reazione herxheimer,mal di testa
reazione herxheimer,dolori articolari
reazione herxheimer,macchie a rilievo sulla pelle
sclerosi sistemica progressiva,edema - accumulo di liquido
sclerosi sistemica progressiva,atrofia muscolare
sclerosi sistemica progressiva,lividi a chiazze
sclerosi sistemica progressiva,capillari visibili
sclerosi sistemica progressiva,brividi
sclerosi sistemica progressiva,dolore addominale
sclerosi sistemica progressiva,alito cattivo
sclerosi sistemica progressiva,dolori muscolari e articolari
sclerosi sistemica progressiva,miocardite
sclerosi sistemica progressiva,dolore alle braccia
sclerosi sistemica progressiva,pressione alta
sclerosi sistemica progressiva,vomito
sclerosi sistemica progressiva,nausea
sclerosi sistemica progressiva,dolore al fianco
sclerosi sistemica progressiva,vertigini
sclerosi sistemica progressiva,cambiamenti nella pelle
sclerosi sistemica progressiva,atrite
paracheratosi,pelle biancastra
paracheratosi,desquamazione della pelle
paracheratosi,dolore al pene
paracheratosi,vescicole
morbo di still,dolori muscolari e articolari
morbo di still,dolori articolari
morbo di still,difficoltà nel deglutire
morbo di still,nausea e sazietà
morbo di still,ingrossamento dei linfonodi
morbo di still,febbre
morbo di still,macchie a rilievo sulla pelle
morbo di still,dolore alle braccia
morbo di still,dolore al collo
polmonite legionella,brividi
polmonite legionella,dolori muscolari e articolari
polmonite legionella,tosse
polmonite legionella,dolore al petto
polmonite legionella,polmonite
polmonite legionella,brividi
polmonite legionella,febbre
polmonite legionella,starnuti
polmonite legionella,laringite
polmonite legionella,mal di testa
polmonite legionella,confusione
polmonite legionella,diarrea
sindrome di loefgren,ingrossamento dei linfonodi
sindrome di loefgren,febbre
sindrome di loefgren,rigidità articolare
sindrome di loefgren,gonfiore alle gambe
sindrome di loefgren,arrossamento cutaneo prurito
sindrome di loefgren,atrite
idrope fetale,lividi
idrope fetale,pallore
idrope fetale,ittero - pelle giallastra
idrope fetale,accumulo di liquido nell'addome
idrope fetale,liquido nella cavità pleurica
idrope fetale,difficoltà respiratorie
cardiomiopatia ostruttiva,tachicardia
cardiomiopatia ostruttiva,vertigini
cardiomiopatia ostruttiva,perdita di coscienza
cardiomiopatia ostruttiva,difficoltà nel respirare
cardiomiopatia ostruttiva,dolore al torace mancanza di ossigeno
sferocitosi,anemia - pallore
sferocitosi,nausea e sazietà
sferocitosi,tendenza al sanguinamento
sferocitosi,Ittero feci chiare urine scure (bilirubina)
anemia falciforme,anemia - pallore
anemia falciforme,vomito
anemia falciforme,nausea
anemia falciforme,dolore al fianco
anemia falciforme,gonfiore alle mani
anemia falciforme,fegato ingrossato
anemia falciforme,suscettibilità alle infezioni
anemia falciforme,eruzioni cutanee
anemia falciforme,osteoporosi
anemia falciforme,sangue nelle urine
anemia falciforme,insufficienza renale
anemia aplastica,anemia - pallore
anemia aplastica,mal di gola
anemia aplastica,numerosi puntini rossi sulla pelle
anemia aplastica,lividi a chiazze
anemia aplastica,difficoltà nel respirare
anemia aplastica,affaticamento
anemia aplastica,suscettibilità alle infezioni
anemia aplastica,febbre
anemia aplastica,sensazione di bruciore
anemia aplastica,numerosi puntini rossi sulla pelle
anemia aplastica,sanguinamento dalle gengive
anemia aplastica,sangue dal naso
leucemia a cellule capellute,perdita di peso
leucemia a cellule capellute,dolori alle ossa
leucemia a cellule capellute,dolori articolari
leucemia a cellule capellute,mal di testa
leucemia a cellule capellute,stanchezza
leucemia a cellule capellute,sudorazione notturna
leucemia a cellule capellute,febbre
leucemia a cellule capellute,nausea e sazietà
leucemia a cellule capellute,suscettibilità alle infezioni
sindrome di sezary,ingrossamento dei linfonodi
sindrome di sezary,prurito
sindrome di sezary,macchie rosso vivo sulle pelle
sindrome di sezary,verruche
sindrome di sezary,perdita dei capelli
sindrome di sezary,unghie deboli
leucemia acuta,stanchezza - fatica
leucemia acuta,febbre
leucemia acuta,sudore notturno
leucemia acuta,mal di gola
leucemia acuta,sensazione di bruciore
leucemia acuta,anemia - pallore
leucemia acuta,lividi a chiazze
leucemia acuta,difficoltà nel respirare
leucemia acuta,affaticamento
leucemia acuta,numerosi puntini rossi sulla pelle
leucemia acuta,ingrossamento dei linfonodi
leucemia acuta,nausea e sazietà
leucemia acuta,gonfiore alla gengive
sindrome di fabry,cornea verticillata
sindrome di fabry,diarrea
sindrome di fabry,costipazione
sindrome di fabry,ronzio nelle orecchie
sindrome di fabry,perdita dell'udito
sindrome di fabry,difficoltà nel parlare
sindrome di fabry,tachicardia
ipersplenismo,gengive ritirate
ipersplenismo,dolore ai talloni
ipersplenismo,gengive arrossate
ipersplenismo,nausea e sazietà
ipersplenismo,anemia - pallore
porpora trombocitopenica immune,numerosi puntini rossi sulla pelle
porpora trombocitopenica immune,sangue dal naso
porpora trombocitopenica immune,dolori addominali
endocardite infettiva,febbre
endocardite infettiva,tachicardia
endocardite infettiva,brividi
endocardite infettiva,debolezza
endocardite infettiva,perdita di appetito
endocardite infettiva,perdita di peso
endocardite infettiva,sudore
endocardite infettiva,dolori articolari
endocardite infettiva,difficoltà nel respirare
endocardite infettiva,insufficienza cardiaca
endocardite infettiva,liquido nei polmoni
endocardite infettiva,blocco della coscia sinistra
endocardite infettiva,dolore al petto
endocardite infettiva,numerosi puntini rossi sulla pelle
endocardite infettiva,foruncoli
endocardite infettiva,ingrossamento dell'ultima falange
endocardite infettiva,sangue nelle urine
endocardite infettiva,vomito
endocardite infettiva,nausea
endocardite infettiva,dolore al fianco
endocardite infettiva,nausea e sazietà
endocardite infettiva,anemia - pallore
endocardite infettiva,dolore alle braccia
endocardite infettiva,numerosi puntini rossi sulla pelle
febbre reumatica,febbre
febbre reumatica,mal di testa
febbre reumatica,sudore
febbre reumatica,dolori articolari
febbre reumatica,eritema anulare
febbre reumatica,eritemi
febbre reumatica,arrossamento cutaneo prurito
febbre reumatica,miocardite
febbre reumatica,dolore alle braccia
stenosi della valvola mitrale,tachicardia
stenosi della valvola mitrale,embolie
stenosi della valvola mitrale,congestione polmonare
stenosi della valvola mitrale,ipertensione polmonare
stenosi della valvola mitrale,difficoltà nel respirare
stenosi della valvola mitrale,tosse
stenosi della valvola mitrale,reflusso
stenosi della valvola mitrale,fegato ingrossato
stenosi della valvola mitrale,urine schiumose
stenosi della valvola mitrale,edema - accumulo di liquido
stenosi della valvola mitrale,stanchezza - fatica
stenosi della valvola mitrale,cianosi - colorito bluastro-violaceo di pelle
stenosi della valvola mitrale,difficoltà nel respirare
stenosi della valvola mitrale,tosse
insufficienza della valvola mitrale,difficoltà nel respirare
insufficienza della valvola mitrale,palpitazioni
insufficienza della valvola mitrale,tosse notturna
insufficienza della valvola mitrale,liquido nei polmoni
prolasso della valvola mitrale,sensazione di un battito mancante o doppio
prolasso della valvola mitrale,tachicardia
prolasso della valvola mitrale,perdita di coscienza
prolasso della valvola mitrale,stanchezza - fatica
prolasso della valvola mitrale,affaticamento
prolasso della valvola mitrale,paura
stenosi aortica,vampate di calore
stenosi aortica,dolore al torace mancanza di ossigeno
stenosi aortica,vertigini
stenosi aortica,perdita di coscienza
stenosi aortica,affaticamento
stenosi aortica,dolore al torace mancanza di ossigeno
stenosi polmonare,stanchezza - fatica
stenosi polmonare,difficoltà nel respirare
stenosi polmonare,insufficienza cardiaca
stenosi polmonare,svenimento
stenosi polmonare,vertigini
stenosi polmonare,perdita di coscienza
difetto del setto atriale,stanchezza - fatica
difetto del setto atriale,affaticamento
difetto del setto atriale,difficoltà nel respirare
difetto del setto atriale,palpitazioni
difetto del setto atriale,dolore al torace mancanza di ossigeno
difetto del setto atriale,disturbi alla vista
difetto del setto atriale,insufficienza cardiaca destra
difetto del setto ventricolare,ritardo dello sviluppo
difetto del setto ventricolare,difficoltà nel respirare
difetto del setto ventricolare,infezione broncopolmonare
difetto del setto ventricolare,palpitazioni
difetto del setto ventricolare,insufficienza cardiaca
difetto del setto ventricolare,cianosi - colorito bluastro-violaceo di pelle
difetto del setto ventricolare,difficoltà nel respirare
difetto del setto ventricolare,stanchezza - fatica
difetto del setto ventricolare,insufficienza cardiaca destra
difetto del setto ventricolare,perdita di coscienza
difetto del setto ventricolare,unghie fragili
difetto del setto ventricolare,ingrossamento dell'ultima falange
difetto del setto ventricolare,vertigini capogiri e confusione
anomalia di ebstein,difficoltà nel respirare
anomalia di ebstein,affaticamento
anomalia di ebstein,mal di cuore
anomalia di ebstein,palpitazioni
anomalia di ebstein,cianosi - colorito bluastro-violaceo di pelle
anomalia di ebstein,fegato ingrossato
tetralogia di fallot,vampate di calore
tetralogia di fallot,capogiri
tetralogia di fallot,stanchezza - fatica
tetralogia di fallot,ritardo dello sviluppo
tetralogia di fallot,insufficienza cardiaca destra
sindrome di marfan,scoliosi
sindrome di marfan,prolasso della valvola mitrale
sindrome di marfan,scoliosi
sindrome di marfan,dita molto lunghe
sindrome di marfan,dolore ai piedi
sindrome di marfan,stanchezza
intossicazione da digitale,nausea
intossicazione da digitale,diarrea
intossicazione da digitale,disturbi alla vista
intossicazione da digitale,perdita di coscienza
intossicazione da digitale,tachicardia
cardiomiopatia dilatativa,tosse secca
cardiomiopatia dilatativa,debolezza
cardiomiopatia dilatativa,pallore
cardiomiopatia dilatativa,insufficienza cardiaca
cardiomiopatia dilatativa,difficoltà nel respirare
malattia di chagas,febbre
malattia di chagas,stanchezza - fatica
malattia di chagas,nausea e sazietà
malattia di chagas,fegato ingrossato
malattia di chagas,ingrossamento dei linfonodi
malattia di chagas,miocardite
malattia di chagas,difficoltà nel deglutire
malattia di chagas,fiato corto alterazione battiti del cuore
malattia di chagas,rigurgito
malattia di chagas,diarrea
tamponamento cardiaco,agitazione
tamponamento cardiaco,ansia
tamponamento cardiaco,tachicardia
tamponamento cardiaco,svenimento
tamponamento cardiaco,perdita di coscienza
tamponamento cardiaco,debolezza
tamponamento cardiaco,difficoltà nel respirare
tamponamento cardiaco,vertigini capogiri e confusione
tamponamento cardiaco,dolore al torace
tamponamento cardiaco,tachicardia
pericardite cronica costrittiva,aumento della pressione
pericardite cronica costrittiva,dolore al dorso
pericardite cronica costrittiva,fegato ingrossato
pericardite cronica costrittiva,edema - accumulo di liquido
pericardite cronica costrittiva,dolore alle spalle
pericardite cronica costrittiva,difficoltà nel respirare
pericardite cronica costrittiva,palpitazioni
infarto,dolore al torace mancanza di ossigeno
infarto,debolezza
infarto,paura
infarto,sudore
infarto,nausea
infarto,vomito
infarto,tachicardia
infarto,sensazione di mancamento
infarto,vertigini capogiri e confusione
infarto,dolore al torace mancanza di ossigeno
broncopneumopatia cronica ostruttiva,brividi
broncopneumopatia cronica ostruttiva,febbre
broncopneumopatia cronica ostruttiva,fiato corto
broncopneumopatia cronica ostruttiva,produzione di muco
broncopneumopatia cronica ostruttiva,dolore durante la deglutizione
broncopneumopatia cronica ostruttiva,tosse
broncopneumopatia cronica ostruttiva,difficoltà nel respirare
infezioni da pneumococco,febbre
infezioni da pneumococco,sonnolenza
infezioni da pneumococco,polmonite
infezioni da pneumococco,meningite
infezioni da pneumococco,dolore all'orecchio
infezioni da pneumococco,sinusite
infezioni da pneumococco,congiuntivite
infezioni da pneumococco,occhi arrossati
infezione da micoplasma,brividi
infezione da micoplasma,febbre
infezione da micoplasma,fiato corto
infezione da micoplasma,produzione di muco
infezione da micoplasma,dolore durante la deglutizione
infezione da micoplasma,tosse
infezione da micoplasma,difficoltà nel respirare
infezione da micoplasma,polmonite
infezione da chlamydia,dolore e bruciore mentre si urina
infezione da chlamydia,prurito genitale
infezione da chlamydia,faringite
infezione da chlamydia,sinusite
ornitosi,debolezza
ornitosi,brividi
ornitosi,dolore al torace
ornitosi,febbre
ornitosi,dolori muscolari e articolari
ornitosi,mal di testa
ornitosi,sangue dal naso
ornitosi,tosse
ornitosi,macchie a rilievo sulla pelle
ornitosi,nausea e sazietà
febbre q,febbre
febbre q,mal di testa
febbre q,polmonite
febbre q,brividi
febbre q,dolori muscolari e articolari
febbre q,dolori articolari
febbre q,tosse secca
febbre q,macchie a rilievo sulla pelle
febbre q,dolore al torace mancanza di ossigeno
infezione da bacillus anthracis,dolore addominale
infezione da bacillus anthracis,diarrea
infezione da bacillus anthracis,sangue nelle feci
infezione da bacillus anthracis,vomito
infezione da bacillus anthracis,nausea
infezione da bacillus anthracis,broncopolmonite
infezione da bacillus anthracis,febbre
infezione da bacillus anthracis,brividi
infezione da bacillus anthracis,tosse
infezione da bacillus anthracis,sonnolenza
infezioni da virus respiratorio sinciziale,incapacità di percepire gli odori
infezioni da virus respiratorio sinciziale,faringite
infezioni da virus respiratorio sinciziale,brividi
infezioni da virus respiratorio sinciziale,febbre
infezioni da virus respiratorio sinciziale,fiato corto
infezioni da virus respiratorio sinciziale,produzione di muco
infezioni da virus respiratorio sinciziale,dolore durante la deglutizione
infezioni da virus respiratorio sinciziale,tosse
infezioni da virus respiratorio sinciziale,polmonite
polmonite da pneumocystis,difficoltà nel respirare
polmonite da pneumocystis,aumento della frequenza respiratoria
polmonite da pneumocystis,tosse
polmonite da pneumocystis,febbre
sindrome di Mendelson,oppressione toracica
sindrome di Mendelson,rantoli durante la respirazione
sindrome di Mendelson,voce rauca
sindrome di Mendelson,cianosi - colorito bluastro-violaceo di pelle
sindrome di Mendelson,difficoltà nel respirare
sindrome di Mendelson,tachicardia
sindrome di Mendelson,vertigini capogiri e confusione
silicosi,oppressione toracica
silicosi,fiato corto
silicosi,stanchezza
silicosi,cianosi - colorito bluastro-violaceo di pelle
silicosi,difficoltà nel respirare
carcinoma bronchiale,dolore al petto
carcinoma bronchiale,rientro del bulbo oculare
carcinoma bronchiale,debolezza alle gambe
carcinoma bronchiale,ingrossamento dell'ultima falange
carcinoma bronchiale,unghie fragili
carcinoma bronchiale,dolori articolari
carcinoma bronchiale,tosse
carcinoma bronchiale,senso di soffocamento
carcinoma bronchiale,sangue durante la tosse
carcinoma bronchiale,difficoltà nel deglutire
carcinoma bronchiale,perdita di peso
carcinoma bronchiale,tosse
carcinoma bronchiale,dolore al petto
carcinoma bronchiale,tosse cronica
carcinoma bronchiale,difficoltà nel respirare
carcinoma bronchiale,unghie fragili
carcinoma bronchiale,ingrossamento dell'ultima falange
carcinoma bronchiale,difficoltà nel deglutire
carcinoma bronchiale,raucedine
carcinoma bronchiale,dolore al petto
carcinoma bronchiale,perdita di peso
carcinoma bronchiale,tosse
sarcoidosi,affaticamento
sarcoidosi,perdita di peso
sarcoidosi,malessere generale
sarcoidosi,atrite
sarcoidosi,arrossamento cutaneo prurito
sarcoidosi,febbre
sarcoidosi,tosse
acalasia,difficoltà nel deglutire
acalasia,rigurgito
acalasia,eccessiva salivazione
acalasia,dolore al torace
acalasia,alito cattivo
acalasia,nausea e sazietà
diverticolo esofageo,dolore alla pressione
diverticolo esofageo,difficoltà nel deglutire
diverticolo esofageo,rigurgito
diverticolo esofageo,alito cattivo
diverticolo esofageo,perdita di saliva
diverticolo esofageo,rigurgito
carcinoma gastrico,anoressia
carcinoma gastrico,fegato ingrossato
carcinoma gastrico,ittero - pelle giallastra
carcinoma gastrico,accumulo di liquido nell'addome
carcinoma gastrico,perdita di peso
carcinoma gastrico,nausea
carcinoma gastrico,sensazione di pressione
carcinoma gastrico,stanchezza - fatica
carcinoma gastrico,difficoltà nel deglutire
carcinoma gastrico,vomito
carcinoma gastrico,perdita di peso
sindrome da perdita di proteine,orticaria
sindrome da perdita di proteine,prurito
sindrome da perdita di proteine,macchie a rilievo sulla pelle
sindrome da perdita di proteine,attacco d'asma
sindrome da perdita di proteine,starnuti
sindrome da perdita di proteine,incapacità di percepire gli odori
sindrome da perdita di proteine,ostruzione nasale
sindrome da perdita di proteine,tachicardia
sindrome da perdita di proteine,vertigini capogiri e confusione
sindrome da perdita di proteine,diarrea
sindrome da perdita di proteine,feci untuose
sindrome da perdita di proteine,perdita di peso
sindrome da perdita di proteine,feci untuose
sindrome da perdita di proteine,edema - accumulo di liquido
sindrome da perdita di proteine,liquido nella cavità pleurica
sindrome da perdita di proteine,accumulo di liquido nell'addome
colite ulcerosa,dolore anale
colite ulcerosa,sudorazione notturna
colite ulcerosa,sangue nelle feci
colite ulcerosa,diarrea
colite ulcerosa,anemia - pallore
colite ulcerosa,dolore addominale
colite ulcerosa,febbre
colite microscopica,diarrea
colite microscopica,perdita di peso
colite microscopica,dolore addominale
colite microscopica,nausea
colite microscopica,pancia gonfia
intestino irritabile,dolore al petto
intestino irritabile,sensazione di pressione
intestino irritabile,nausea e sazietà
intestino irritabile,pancia gonfia
intestino irritabile,flatulenza
intestino irritabile,costipazione
intestino irritabile,diarrea
pancreatite acuta,dolore addominale
pancreatite acuta,nausea
pancreatite acuta,vomito
pancreatite acuta,pancia gonfia
pancreatite acuta,accumulo di liquido nell'addome
pancreatite acuta,febbre
pancreatite acuta,vertigini capogiri e confusione
pancreatite acuta,liquido nella cavità pleurica
pancreatite acuta,ittero - pelle giallastra
pancreatite acuta,incapacità nel deglutire
pancreatite cronica,nausea
pancreatite cronica,vomito
pancreatite cronica,perdita di peso
pancreatite cronica,pancia gonfia
pancreatite cronica,diarrea
pancreatite cronica,ittero - pelle giallastra
carcinoma neuroendocrino,rossore
carcinoma neuroendocrino,cianosi - colorito bluastro-violaceo di pelle
carcinoma neuroendocrino,tachicardia
carcinoma neuroendocrino,sudore
carcinoma neuroendocrino,incapacità nel deglutire
carcinoma neuroendocrino,diarrea
carcinoma neuroendocrino,perdita di peso
carcinoma neuroendocrino,attacco d'asma
carcinoma neuroendocrino,capillari visibili
carcinoma neuroendocrino,cambiamenti nella pelle
insulinoma,sudore
insulinoma,palpitazioni
insulinoma,tachicardia
insulinoma,tremori
insulinoma,paura
insulinoma,aumento dell'appetito
insulinoma,nausea
insulinoma,disturbi alla vista
insulinoma,vertigini
insulinoma,mal di testa
insulinoma,confusione
insulinoma,perdita della sensibilità
insulinoma,difficoltà nel leggere
insulinoma,aumento di peso
verner - sindrome di Morrison,diarrea
verner - sindrome di Morrison,affaticamento
verner - sindrome di Morrison,bruciore di stomaco
verner - sindrome di Morrison,perdita di peso
verner - sindrome di Morrison,confusione
epatite cronica,affaticamento
epatite cronica,perdita di appetito
epatite cronica,dolore alla pressione
epatite cronica,dolori articolari
epatite cronica,ittero - pelle giallastra
epatite cronica,fegato ingrossato
epatite cronica,prurito
epatite cronica,capillari visibili
epatite cronica,assenza del ciclo
epatite cronica,atrofia testicolare
epatite cronica,ginecomastia
malattia epatica alcolica,fegato ingrossato
malattia epatica alcolica,nausea e sazietà
malattia epatica alcolica,perdita di appetito
malattia epatica alcolica,nausea
malattia epatica alcolica,perdita di peso
malattia epatica alcolica,ittero - pelle giallastra
malattia epatica alcolica,febbre
insufficienza epatica acuta,disturbi della coscienza
insufficienza epatica acuta,sonnolenza
insufficienza epatica acuta,coma
insufficienza epatica acuta,ittero - pelle giallastra
insufficienza epatica acuta,alito cattivo
insufficienza epatica acuta,tendenza al sanguinamento
insufficienza epatica acuta,vertigini capogiri e confusione
insufficienza epatica acuta,palpitazioni
glomerulonefrite post-infettiva,sangue nelle urine
glomerulonefrite post-infettiva,edema - accumulo di liquido
glomerulonefrite post-infettiva,pressione alta
glomerulonefrite post-infettiva,sangue nelle urine
glomerulonefrite post-infettiva,edema facciale
glomerulonefrite post-infettiva,mal di testa
glomerulonefrite post-infettiva,febbre
glomerulonefrite post-infettiva,attacco epilettico
glomerulonefrite post-infettiva,sonnolenza
glomerulonefrite post-infettiva,difficoltà nel respirare
glomerulonefrite post-infettiva,liquido nei polmoni
glomerulonefrite post-infettiva,urine schiumose
sindrome nefritica rapida - progressiva,lividi a chiazze
sindrome nefritica rapida - progressiva,pressione alta
sindrome nefritica rapida - progressiva,urine schiumose
sindrome nefritica rapida - progressiva,sindrome nefrosica
sindrome nefritica rapida - progressiva,insufficienza renale
sindrome da osteopatia renale,mal di schiena
sindrome da osteopatia renale,fatica
sindrome da osteopatia renale,capogiri
sindrome da osteopatia renale,sfoghi cutanei
sindrome da osteopatia renale,dolore alle ossa
sindrome da osteopatia renale,debolezza nelle braccia
nefroblastoma,dolore addominale
nefroblastoma,perdita di appetito
nefroblastoma,vomito
nefroblastoma,febbre
nefroblastoma,sangue nelle urine
